,Zini,MH,logAge,Mini,int_IMF,Mass,Log luminosity,Log effective temperature,logg,label,McoreTP,C_O,period0,period1,period2,period3,period4,pmode,Mloss,tau1m,X,Y,Xc,Xn,Xo,Cexcess,Z,mbolmag,Absolute magnitude,G_BPmag,G_RPmag,Color index
0,0.0152,0.01508,10.0,0.0900000036,1.0816895926,0.09,-3.423,3.3625,5.217,1,0.0,0.545,0.0,0.0,0.0,0.0,0.0,-1,-3.9e-17,0.0,0.708,0.2767,0.002746,0.0007408,0.006719,-1.0,0.01527,13.327,15.381,18.308,13.89,4.417999999999999
1,0.0152,0.01508,10.0,0.1000000015,1.1711064122,0.1,-3.24,3.3884,5.184,1,0.0,0.545,0.0,0.0,0.0,0.0,0.0,-1,-2.59e-17,0.0,0.7076,0.2771,0.002746,0.0007408,0.006719,-1.0,0.01527,12.871,14.924,17.838,13.434,4.404000000000002
2,0.0152,0.01508,10.0,0.1077039689,1.2324166301,0.108,-3.133,3.4026,5.165,1,0.0,0.545,0.0,0.0,0.0,0.0,0.0,-1,-4.21e-17,0.0,0.7072,0.2775,0.002746,0.0007408,0.006719,-1.0,0.01527,12.601,14.653,17.56,13.164,4.395999999999999
3,0.0152,0.01508,10.0,0.1200000122,1.3193155232,0.12,-2.975,3.4232,5.137,1,0.0,0.545,0.0,0.0,0.0,0.0,0.0,-1,-1.04e-16,0.0,0.7067,0.278,0.002746,0.0007408,0.006719,-1.0,0.01527,12.209,14.176,16.956,12.707,4.248999999999999
4,0.0152,0.01508,10.0,0.1400000006,1.4384526719,0.14,-2.792,3.4435,5.102,1,0.0,0.545,0.0,0.0,0.0,0.0,0.0,-1,-1.53e-16,0.0,0.706,0.2788,0.002746,0.0007408,0.006719,-1.0,0.01527,11.749,13.441,15.849,12.038,3.811
5,0.0152,0.01508,10.0,0.1496137679,1.4881080127,0.15,-2.721,3.4502,5.087,1,0.0,0.545,0.0,0.0,0.0,0.0,0.0,-1,-1.77e-16,0.0,0.7056,0.2791,0.002746,0.0007408,0.006719,-1.0,0.01527,11.573,13.178,15.471,11.796,3.6750000000000007
6,0.0152,0.01508,10.0,0.1599999964,1.5372931554,0.16,-2.65,3.4571,5.073,1,0.0,0.545,0.0,0.0,0.0,0.0,0.0,-1,-2.05e-16,0.0,0.7053,0.2794,0.002746,0.0007408,0.006719,-1.0,0.01527,11.395,12.913,15.086,11.555,3.5310000000000006
7,0.0152,0.01508,10.0,0.200000003,1.6938790862,0.2,-2.43,3.4758,5.025,1,0.0,0.545,0.0,0.0,0.0,0.0,0.0,-1,-3.21e-16,0.0,0.7042,0.2806,0.002746,0.0007408,0.006719,-1.0,0.01527,10.846,12.146,14.026,10.852,3.1739999999999995
8,0.0152,0.01508,10.0,0.25,1.8403257998,0.25,-2.217,3.4921,4.974,1,0.0,0.545,0.0,0.0,0.0,0.0,0.0,-1,-3.89e-17,0.0,0.7033,0.2814,0.002746,0.0007408,0.006719,-1.0,0.01527,10.314,11.439,13.091,10.204,2.8869999999999987
9,0.0152,0.01508,10.0,0.3000000119,1.9529139769,0.3,-2.052,3.5027,4.93,1,0.0,0.545,0.0,0.0,0.0,0.0,0.0,-1,-1.13e-17,0.0,0.703,0.2817,0.002746,0.0007408,0.006719,-1.0,0.01527,9.9,10.932,12.468,9.731,2.737
10,0.0152,0.01508,10.0,0.3493747413,2.0423915018,0.349,-1.906,3.5113,4.885,1,0.0,0.545,0.0,0.0,0.0,0.0,0.0,-1,-2.32e-16,0.0,0.7088,0.2759,0.002746,0.0007408,0.006719,-1.0,0.01527,9.536,10.498,11.948,9.323,2.625
11,0.0152,0.01508,10.0,0.3500000238,2.0434175133,0.35,-1.905,3.5114,4.884,1,0.0,0.545,0.0,0.0,0.0,0.0,0.0,-1,-2.34e-16,0.0,0.7089,0.2759,0.002746,0.0007408,0.006719,-1.0,0.01527,9.532,10.493,11.942,9.318,2.6240000000000006
12,0.0152,0.01508,10.0,0.3668254316,2.0701627312,0.367,-1.854,3.5153,4.87,1,0.0,0.545,0.0,0.0,0.0,0.0,0.0,-1,-4.02e-16,0.0,0.7089,0.2758,0.002746,0.0007408,0.006719,-1.0,0.01527,9.405,10.335,11.749,9.172,2.577
13,0.0152,0.01508,10.0,0.4000000358,2.118502481,0.4,-1.76,3.5225,4.842,1,0.0,0.545,0.0,0.0,0.0,0.0,0.0,-1,-1.31e-15,0.0,0.7091,0.2756,0.002746,0.0007408,0.006719,-1.0,0.01527,9.171,10.047,11.399,8.906,2.4929999999999986
14,0.0152,0.01508,10.0,0.4500000477,2.1822809714,0.45,-1.61,3.535,4.793,1,0.0,0.545,0.0,0.0,0.0,0.0,0.0,-1,-1.85e-15,0.0,0.7092,0.2755,0.002746,0.0007408,0.006719,-1.0,0.01527,8.795,9.587,10.845,8.482,2.3630000000000013
15,0.0152,0.01508,10.0,0.5,2.2374541529,0.5,-1.451,3.5504,4.742,1,0.0,0.545,0.0,0.0,0.0,0.0,0.0,-1,-2.68e-15,0.0,0.7092,0.2755,0.002746,0.0007408,0.006719,-1.0,0.01527,8.398,9.093,10.247,8.031,2.2159999999999993
16,0.0152,0.01508,10.0,0.5500000119,2.2836582633,0.55,-1.273,3.5707,4.686,1,0.0,0.545,0.0,0.0,0.0,0.0,0.0,-1,-4.1e-15,0.0,0.7319,0.254,0.002545,0.0006868,0.006231,-1.0,0.01417,7.952,8.523,9.551,7.519,2.032
17,0.0152,0.01508,10.0,0.6000000238,2.3211213258,0.6,-1.098,3.5958,4.649,1,0.0,0.544,0.0,0.0,0.0,0.0,0.0,-1,-6.13e-15,0.0,0.7352,0.2507,0.002517,0.0006796,0.006166,-1.0,0.01404,7.515,7.948,8.845,7.015,1.830000000000001
18,0.0152,0.01508,10.0,0.6499999762,2.3520353107,0.65,-0.919,3.6267,4.628,1,0.0,0.544,0.0,0.0,0.0,0.0,0.0,-1,-9.12e-15,0.0,0.7383,0.2478,0.002492,0.0006729,0.006107,-1.0,0.01389,7.066,7.349,8.108,6.5,1.6080000000000005
19,0.0152,0.01508,10.0,0.6599115133,2.3575271104,0.66,-0.883,3.6331,4.625,1,0.0,0.544,0.0,0.0,0.0,0.0,0.0,-1,-9.87e-15,0.0,0.7389,0.2472,0.002488,0.0006716,0.006095,-1.0,0.01387,6.977,7.229,7.958,6.398,1.5600000000000005
20,0.0152,0.01508,10.0,0.7000000477,2.3779267258,0.7,-0.743,3.6579,4.61,1,0.0,0.544,0.0,0.0,0.0,0.0,0.0,-1,-1.34e-14,0.0,0.7412,0.245,0.002469,0.0006666,0.00605,-1.0,0.01378,6.628,6.759,7.381,6.003,1.3780000000000001
21,0.0152,0.01508,10.0,0.7199136615,2.3870942986,0.72,-0.674,3.67,4.601,1,0.0,0.541,0.0,0.0,0.0,0.0,0.0,-1,-1.57e-14,0.0,0.7425,0.2438,0.002444,0.0006634,0.006025,-1.0,0.0137,6.456,6.536,7.113,5.813,1.3000000000000007
22,0.0152,0.01508,10.0,0.7426754832,2.3968837286,0.743,-0.596,3.6833,4.59,1,0.0,0.538,0.0,0.0,0.0,0.0,0.0,-1,-1.87e-14,0.0,0.744,0.2423,0.002417,0.0006597,0.005996,-1.0,0.01365,6.261,6.292,6.824,5.605,1.2189999999999994
23,0.0152,0.01508,10.0,0.75,2.3998889087,0.75,-0.571,3.6875,4.586,1,0.0,0.537,0.0,0.0,0.0,0.0,0.0,-1,-1.98e-14,0.0,0.7445,0.2419,0.002409,0.0006585,0.005986,-1.0,0.01359,6.198,6.216,6.736,5.539,1.197
24,0.0152,0.01508,10.0,0.7583735585,2.4032428481,0.758,-0.544,3.6915,4.579,1,0.0,0.536,0.0,0.0,0.0,0.0,0.0,-1,-2.11e-14,0.0,0.7453,0.2412,0.002403,0.0006568,0.005971,-1.0,0.01353,6.129,6.134,6.642,5.468,1.1740000000000004
25,0.0152,0.01508,10.0,0.7776705623,2.4106567497,0.777,-0.48,3.7006,4.563,1,0.0,0.536,0.0,0.0,0.0,0.0,0.0,-1,-2.47e-14,0.0,0.747,0.2395,0.002388,0.000653,0.005937,-1.0,0.01349,5.969,5.949,6.43,5.305,1.125
26,0.0152,0.01508,10.0,0.7952715158,2.4170594684,0.795,-0.422,3.7088,4.547,1,0.0,0.536,0.0,0.0,0.0,0.0,0.0,-1,-2.84e-14,0.0,0.7486,0.238,0.002375,0.0006496,0.005906,-1.0,0.01341,5.824,5.783,6.242,5.159,1.0830000000000002
27,0.0152,0.01508,10.0,0.8000000119,2.4187244405,0.8,-0.406,3.7109,4.542,1,0.0,0.536,0.0,0.0,0.0,0.0,0.0,-1,-2.95e-14,0.0,0.749,0.2376,0.002372,0.0006487,0.005898,-1.0,0.0134,5.785,5.738,6.192,5.119,1.0730000000000004
28,0.0152,0.01508,10.0,0.8115743399,2.4227059434,0.811,-0.367,3.716,4.53,1,0.0,0.536,0.0,0.0,0.0,0.0,0.0,-1,-3.24e-14,0.0,0.7502,0.2365,0.002362,0.000646,0.005874,-1.0,0.01335,5.688,5.631,6.072,5.024,1.048
29,0.0152,0.01508,10.0,0.8286699653,2.428353411,0.828,-0.31,3.7232,4.511,1,0.0,0.536,0.0,0.0,0.0,0.0,0.0,-1,-3.75e-14,0.0,0.752,0.2347,0.002348,0.0006421,0.00584,-1.0,0.0133,5.545,5.473,5.896,4.882,1.0140000000000002
30,0.0152,0.01508,10.0,0.844006598,2.433196555,0.843,-0.258,3.7295,4.492,1,0.0,0.536,0.0,0.0,0.0,0.0,0.0,-1,-4.27e-14,0.0,0.7536,0.2332,0.002335,0.0006386,0.005809,-1.0,0.01323,5.416,5.333,5.742,4.755,0.9870000000000001
31,0.0152,0.01508,10.0,0.8500000238,2.435034684,0.849,-0.238,3.7319,4.485,1,0.0,0.536,0.0,0.0,0.0,0.0,0.0,-1,-4.5e-14,0.0,0.7542,0.2326,0.00233,0.0006373,0.005797,-1.0,0.0132,5.365,5.278,5.682,4.706,0.976
32,0.0152,0.01508,10.0,0.850668788,2.4352379414,0.85,-0.236,3.7321,4.484,1,0.0,0.536,0.0,0.0,0.0,0.0,0.0,-1,-4.52e-14,0.0,0.7543,0.2325,0.002329,0.0006371,0.005795,-1.0,0.01319,5.359,5.272,5.675,4.7,0.9749999999999996
33,0.0152,0.01508,10.0,0.8669279814,2.4400688425,0.866,-0.179,3.7381,4.46,1,0.0,0.536,0.0,0.0,0.0,0.0,0.0,-1,-5.24e-14,0.0,0.7563,0.2306,0.002312,0.0006326,0.005754,-1.0,0.01312,5.219,5.122,5.51,4.564,0.9459999999999997
34,0.0152,0.01508,10.0,0.8824838996,2.4444996823,0.882,-0.125,3.7436,4.434,1,0.0,0.536,0.0,0.0,0.0,0.0,0.0,-1,-6.06e-14,0.0,0.7583,0.2287,0.002296,0.0006283,0.005716,-1.0,0.01296,5.082,4.978,5.353,4.434,0.9189999999999996
35,0.0152,0.01508,10.0,0.8968155384,2.4484257466,0.896,-0.074,3.7483,4.409,1,0.0,0.536,0.0,0.0,0.0,0.0,0.0,-1,-6.97e-14,0.0,0.7601,0.227,0.002282,0.0006244,0.005681,-1.0,0.01289,4.954,4.845,5.209,4.311,0.8979999999999997
36,0.0152,0.01508,10.0,0.9000000358,2.4492786175,0.899,-0.062,3.7493,4.403,1,0.0,0.535,0.0,0.0,0.0,0.0,0.0,-1,-7.19e-14,0.0,0.7605,0.2267,0.002279,0.0006235,0.005673,-1.0,0.01288,4.925,4.815,5.176,4.284,0.8920000000000003
37,0.0152,0.01508,10.0,0.9123090506,2.4525109285,0.911,-0.017,3.7528,4.377,1,0.0,0.535,0.0,0.0,0.0,0.0,0.0,-1,-8.16e-14,0.0,0.7623,0.2248,0.002263,0.0006194,0.005636,-1.0,0.01284,4.811,4.698,5.052,4.176,0.8759999999999994
38,0.0152,0.01508,10.0,0.9294092059,2.4568383858,0.928,0.047,3.757,4.339,1,0.0,0.535,0.0,0.0,0.0,0.0,0.0,-1,-9.78e-14,0.0,0.7649,0.2224,0.002242,0.0006138,0.005587,-1.0,0.01272,4.652,4.536,4.879,4.023,0.8559999999999999
39,0.0152,0.01508,10.0,0.9448647499,2.4605950667,0.944,0.104,3.7599,4.3,1,0.0,0.535,0.0,0.0,0.0,0.0,0.0,-1,-1.16e-13,0.0,0.7668,0.2206,0.002227,0.0006097,0.00555,-1.0,0.01259,4.509,4.39,4.727,3.884,0.8430000000000004
40,0.0152,0.01508,10.0,0.9500000477,2.4618122009,0.949,0.125,3.7607,4.285,1,0.0,0.535,0.0,0.0,0.0,0.0,0.0,-1,-1.23e-13,0.0,0.7668,0.2206,0.002228,0.0006099,0.005551,-1.0,0.0126,4.458,4.338,4.673,3.835,0.8380000000000001
41,0.0152,0.01508,10.0,0.9568482041,2.4634119518,0.956,0.153,3.7618,4.265,1,0.0,0.535,0.0,0.0,0.0,0.0,0.0,-1,-1.34e-13,0.0,0.767,0.2204,0.002227,0.0006096,0.00555,-1.0,0.01261,4.388,4.268,4.6,3.767,0.8329999999999997
42,0.0152,0.01508,10.0,0.9585533142,2.4638061857,0.957,0.16,3.762,4.259,1,0.0,0.535,0.0,0.0,0.0,0.0,0.0,-1,-1.37e-13,0.0,0.7669,0.2205,0.002227,0.0006098,0.005551,-1.0,0.01262,4.37,4.25,4.582,3.75,0.8319999999999999
43,0.0152,0.01508,10.0,0.9680970907,2.4659833226,0.967,0.201,3.7628,4.225,1,0.0,0.535,0.0,0.0,0.0,0.0,0.0,-1,-1.56e-13,0.0,0.7662,0.2211,0.002234,0.0006117,0.005568,-1.0,0.01269,4.267,4.146,4.476,3.648,0.8279999999999998
44,0.0152,0.01508,10.0,0.9755672216,2.4676532829,0.975,0.234,3.7628,4.196,1,0.0,0.535,0.0,0.0,0.0,0.0,0.0,-1,-1.73e-13,0.0,0.7654,0.2219,0.002243,0.0006142,0.005591,-1.0,0.01273,4.184,4.063,4.393,3.566,0.827
45,0.0152,0.01508,10.0,0.9840705991,2.4695187868,0.983,0.273,3.7621,4.158,1,0.0,0.535,0.0,0.0,0.0,0.0,0.0,-1,-1.97e-13,0.0,0.7635,0.2236,0.002263,0.0006195,0.00564,-1.0,0.01284,4.086,3.966,4.297,3.467,0.8299999999999996
46,0.0152,0.01508,10.0,0.9897478223,2.4707437771,0.989,0.3,3.761,4.129,1,0.0,0.535,0.0,0.0,0.0,0.0,0.0,-1,-2.16e-13,0.0,0.7618,0.2253,0.00228,0.0006244,0.005684,-1.0,0.0129,4.019,3.9,4.233,3.399,0.8339999999999996
47,0.0152,0.01508,10.0,0.9916135669,2.4711428341,0.991,0.309,3.7605,4.119,2,0.0,0.535,0.0,0.0,0.0,0.0,0.0,-1,-2.24e-13,0.0,0.7604,0.2265,0.002293,0.000628,0.005717,-1.0,0.01303,3.997,3.878,4.212,3.376,0.8359999999999999
48,0.0152,0.01508,10.0,0.9992115498,2.4727502523,0.998,0.346,3.7568,4.071,2,0.0,0.535,0.0,0.0,0.0,0.0,0.0,-1,-2.55e-13,0.0,0.7543,0.2323,0.00235,0.0006435,0.005858,-1.0,0.01334,3.905,3.79,4.132,3.28,0.8519999999999999
49,0.0152,0.01508,10.0,1.0,2.4729154477,0.999,0.349,3.756,4.064,2,0.0,0.535,0.0,0.0,0.0,0.0,0.0,-1,-2.59e-13,0.0,0.7534,0.2332,0.002358,0.0006457,0.005878,-1.0,0.01339,3.897,3.782,4.125,3.27,0.855
50,0.0152,0.01508,10.0,1.0062853098,2.4742217016,1.005,0.377,3.7489,4.011,2,0.0,0.535,0.0,0.0,0.0,0.0,0.0,-1,-2.9e-13,0.0,0.7453,0.2409,0.002427,0.0006645,0.006047,-1.0,0.01375,3.828,3.721,4.079,3.192,0.8869999999999996
51,0.0152,0.01508,10.0,1.0105534792,2.475098095,1.009,0.388,3.7396,3.965,2,0.0,0.536,0.0,0.0,0.0,0.0,0.0,-1,-3.12e-13,0.0,0.738,0.248,0.002486,0.0006803,0.006188,-1.0,0.01407,3.8,3.704,4.081,3.156,0.9250000000000003
52,0.0152,0.01508,10.0,1.0134459734,2.4756871942,1.012,0.388,3.7291,3.923,2,0.0,0.536,0.0,0.0,0.0,0.0,0.0,-1,-3.27e-13,0.0,0.7322,0.2535,0.002531,0.0006923,0.006296,-1.0,0.01433,3.799,3.719,4.12,3.149,0.9710000000000001
53,0.0152,0.01508,10.0,1.015430212,2.4760890825,1.014,0.388,3.7192,3.885,2,0.0,0.536,0.0,0.0,0.0,0.0,0.0,-1,-3.4e-13,0.0,0.728,0.2575,0.002563,0.0007006,0.00637,-1.0,0.01445,3.799,3.738,4.161,3.147,1.0139999999999998
54,0.0152,0.01508,10.0,1.017293334,2.4764647991,1.016,0.399,3.7096,3.836,2,0.0,0.537,0.0,0.0,0.0,0.0,0.0,-1,-3.67e-13,0.0,0.7242,0.2611,0.002589,0.0007078,0.006433,-1.0,0.01463,3.772,3.732,4.177,3.12,1.0569999999999995
55,0.0152,0.01508,10.0,1.0191289186,2.4768334179,1.018,0.429,3.7015,3.774,2,0.0,0.537,0.0,0.0,0.0,0.0,0.0,-1,-4.19e-13,0.0,0.7205,0.2647,0.002612,0.0007139,0.006487,-1.0,0.01476,3.696,3.676,4.14,3.047,1.0929999999999995
56,0.0152,0.01508,10.0,1.0201272964,2.47703327,1.019,0.454,3.698,3.736,2,0.0,0.537,0.0,0.0,0.0,0.0,0.0,-1,-4.62e-13,0.0,0.7185,0.2667,0.002623,0.0007169,0.006514,-1.0,0.01479,3.635,3.625,4.098,2.987,1.1109999999999998
57,0.0152,0.01508,10.0,1.0215713978,2.4773215509,1.02,0.505,3.6946,3.673,3,0.0,0.537,0.0,0.0,0.0,0.0,0.0,-1,-5.56e-13,0.0,0.7152,0.2699,0.002635,0.0007206,0.006545,-1.0,0.01486,3.509,3.508,3.989,2.863,1.126
58,0.0152,0.01508,10.0,1.0228266716,2.4775713764,1.021,0.556,3.6923,3.613,3,0.0,0.535,0.0,0.0,0.0,0.0,0.0,-1,-6.69e-13,0.0,0.712,0.2731,0.002634,0.0007262,0.006567,-1.0,0.01493,3.38,3.386,3.872,2.737,1.1349999999999998
59,0.0152,0.01508,10.0,1.0237306356,2.4777508477,1.022,0.597,3.691,3.566,3,0.0,0.53,0.0,0.0,0.0,0.0,0.0,-1,-7.75e-13,0.0,0.7092,0.2758,0.002616,0.0007415,0.006581,-1.0,0.01498,3.277,3.286,3.775,2.634,1.141
60,0.0152,0.01508,10.0,1.0245987177,2.4779228523,1.023,0.641,3.6898,3.518,3,0.0,0.521,0.0,0.0,0.0,0.0,0.0,-1,-9.02e-13,0.0,0.7064,0.2785,0.002575,0.0007804,0.006594,-1.0,0.01502,3.169,3.182,3.673,2.528,1.145
61,0.0152,0.01508,10.0,1.0254149437,2.4780842765,1.024,0.684,3.6886,3.47,3,0.0,0.508,0.0,0.0,0.0,0.0,0.0,-1,-1.05e-12,0.0,0.7038,0.2811,0.002516,0.0008457,0.006603,-1.0,0.01503,3.059,3.076,3.57,2.419,1.1509999999999998
62,0.0152,0.01508,10.0,1.0261753798,2.4782344015,1.025,0.729,3.6876,3.422,3,0.0,0.495,0.0,0.0,0.0,0.0,0.0,-1,-1.23e-12,0.0,0.7014,0.2835,0.002453,0.0009225,0.00661,-1.0,0.01506,2.949,2.969,3.466,2.31,1.1560000000000001
63,0.0152,0.01508,10.0,1.0268266201,2.4783627659,1.025,0.769,3.6866,3.378,3,0.0,0.484,0.0,0.0,0.0,0.0,0.0,-1,-1.42e-12,0.0,0.6993,0.2856,0.0024,0.00099,0.006616,-1.0,0.01508,2.847,2.87,3.37,2.209,1.161
64,0.0152,0.01508,10.0,1.0274474621,2.4784849643,1.026,0.811,3.6855,3.332,3,0.0,0.475,0.0,0.0,0.0,0.0,0.0,-1,-1.65e-12,0.0,0.6976,0.2873,0.00236,0.001041,0.006621,-1.0,0.01509,2.742,2.769,3.272,2.105,1.1669999999999998
65,0.0152,0.01508,10.0,1.028075099,2.4786083277,1.026,0.857,3.6842,3.281,3,0.0,0.468,0.0,0.0,0.0,0.0,0.0,-1,-1.94e-12,0.0,0.696,0.2889,0.002327,0.001083,0.006624,-1.0,0.01511,2.627,2.658,3.164,1.991,1.173
66,0.0152,0.01508,10.0,1.0286061764,2.4787125768,1.027,0.899,3.683,3.234,3,0.0,0.464,0.0,0.0,0.0,0.0,0.0,-1,-2.25e-12,0.0,0.6949,0.29,0.002306,0.001112,0.006627,-1.0,0.01513,2.523,2.557,3.067,1.887,1.1800000000000002
67,0.0152,0.01508,10.0,1.0290813446,2.4788057462,1.027,0.94,3.6817,3.189,3,0.0,0.46,0.0,0.0,0.0,0.0,0.0,-1,-2.61e-12,0.0,0.694,0.2909,0.00229,0.001132,0.006629,-1.0,0.01513,2.421,2.46,2.973,1.787,1.186
68,0.0152,0.01508,10.0,1.0295226574,2.4788921888,1.028,0.98,3.6804,3.144,3,0.0,0.458,0.0,0.0,0.0,0.0,0.0,-1,-3.01e-12,0.0,0.6933,0.2916,0.002277,0.001149,0.006631,-1.0,0.01511,2.321,2.363,2.88,1.688,1.192
69,0.0152,0.01508,10.0,1.029959321,2.4789776369,1.028,1.023,3.6789,3.094,3,0.0,0.456,0.0,0.0,0.0,0.0,0.0,-1,-3.52e-12,0.0,0.6928,0.2921,0.002268,0.001161,0.006632,-1.0,0.01512,2.212,2.26,2.781,1.58,1.201
70,0.0152,0.01508,10.0,1.0304344893,2.4790705251,1.028,1.075,3.6769,3.035,3,0.0,0.454,0.0,0.0,0.0,0.0,0.0,-1,-4.24e-12,0.0,0.6923,0.2926,0.002261,0.00117,0.006633,-1.0,0.01513,2.082,2.137,2.664,1.453,1.211
71,0.0152,0.01508,10.0,1.030782342,2.4791384626,1.029,1.117,3.6753,2.986,3,0.0,0.454,0.0,0.0,0.0,0.0,0.0,-1,-4.93e-12,0.0,0.6921,0.2927,0.002258,0.001174,0.006634,-1.0,0.01513,1.978,2.038,2.57,1.351,1.2189999999999999
72,0.0152,0.01508,10.0,1.0310891867,2.4791983473,1.029,1.157,3.6736,2.94,3,0.0,0.453,0.0,0.0,0.0,0.0,0.0,-1,-5.69e-12,0.0,0.6921,0.2928,0.002256,0.001176,0.006634,-1.0,0.01513,1.879,1.945,2.481,1.253,1.228
73,0.0152,0.01508,10.0,1.0313726664,2.4792536356,1.029,1.196,3.672,2.894,3,0.0,0.453,0.0,0.0,0.0,0.0,0.0,-1,-6.57e-12,0.0,0.692,0.2928,0.002255,0.001177,0.006634,-1.0,0.01513,1.78,1.853,2.393,1.157,1.2359999999999998
74,0.0152,0.01508,10.0,1.0317133665,2.4793200376,1.029,1.248,3.6697,2.834,3,0.0,0.453,0.0,0.0,0.0,0.0,0.0,-1,-7.93e-12,0.0,0.692,0.2928,0.002255,0.001178,0.006634,-1.0,0.01513,1.651,1.731,2.278,1.031,1.247
75,0.0152,0.01508,10.0,1.0320152044,2.4793788233,1.03,1.298,3.6673,2.774,3,0.0,0.453,0.0,0.0,0.0,0.0,0.0,-1,-9.52e-12,0.0,0.692,0.2928,0.002255,0.001178,0.006634,-1.0,0.01514,1.526,1.615,2.168,0.909,1.2590000000000001
76,0.0152,0.01508,10.0,1.03229177,2.4794326522,1.03,1.348,3.6649,2.715,3,0.0,0.453,0.0,0.0,0.0,0.0,0.0,-1,-1.14e-11,0.0,0.692,0.2929,0.002254,0.001178,0.006634,-1.0,0.01514,1.401,1.499,2.059,0.788,1.2710000000000001
77,0.0152,0.01508,10.0,1.032548666,2.4794826231,1.03,1.398,3.6624,2.655,3,0.0,0.453,0.0,0.0,0.0,0.0,0.0,-1,-1.37e-11,0.0,0.692,0.2929,0.002254,0.001179,0.006635,-1.0,0.01514,1.276,1.384,1.951,0.667,1.284
78,0.0152,0.01508,10.0,1.0327839851,2.4795283719,1.03,1.445,3.66,2.598,3,0.0,0.453,0.0,0.0,0.0,0.0,0.0,-1,-1.64e-11,0.0,0.692,0.2929,0.002254,0.001179,0.006635,-1.0,0.01514,1.157,1.274,1.848,0.552,1.296
79,0.0152,0.01508,10.0,1.0330250263,2.4795752082,1.03,1.49,3.6577,2.544,3,0.0,0.453,0.0,0.0,0.0,0.0,0.0,-1,-1.93e-11,0.0,0.692,0.2929,0.002254,0.00118,0.006635,-1.0,0.01514,1.045,1.172,1.753,0.444,1.309
80,0.0152,0.01508,10.0,1.0332717896,2.4796231303,1.03,1.524,3.6559,2.502,3,0.0,0.453,0.0,0.0,0.0,0.0,0.0,-1,-2.2e-11,0.0,0.692,0.2929,0.002253,0.00118,0.006635,-1.0,0.01514,0.959,1.093,1.68,0.362,1.318
81,0.0152,0.01508,10.0,1.033459425,2.479659552,1.03,1.496,3.6579,2.539,3,0.0,0.453,0.0,0.0,0.0,0.0,0.0,-1,-2e-11,0.0,0.692,0.2929,0.002253,0.00118,0.006635,-1.0,0.01514,1.031,1.157,1.737,0.43,1.3070000000000002
82,0.0152,0.01508,10.0,1.0335848331,2.4796838864,1.03,1.454,3.6606,2.591,3,0.0,0.453,0.0,0.0,0.0,0.0,0.0,-1,-1.72e-11,0.0,0.692,0.2929,0.002253,0.00118,0.006635,-1.0,0.01514,1.135,1.25,1.822,0.529,1.2930000000000001
83,0.0152,0.01508,10.0,1.0335954428,2.4796859447,1.03,1.451,3.6608,2.595,3,0.0,0.453,0.0,0.0,0.0,0.0,0.0,-1,-1.69e-11,0.0,0.692,0.2929,0.002253,0.00118,0.006635,-1.0,0.01514,1.142,1.256,1.827,0.535,1.2919999999999998
84,0.0152,0.01508,10.0,1.0337706804,2.4797199359,1.03,1.498,3.6583,2.538,3,0.0,0.453,0.0,0.0,0.0,0.0,0.0,-1,-1.98e-11,0.0,0.692,0.2929,0.002253,0.001181,0.006635,-1.0,0.01514,1.026,1.151,1.73,0.424,1.306
85,0.0152,0.01508,10.0,1.0339505672,2.4797548151,1.03,1.545,3.6556,2.48,3,0.0,0.453,0.0,0.0,0.0,0.0,0.0,-1,-2.36e-11,0.0,0.692,0.2929,0.002253,0.001181,0.006635,-1.0,0.01514,0.908,1.043,1.631,0.31,1.321
86,0.0152,0.01508,10.0,1.0341225863,2.4797881557,1.03,1.593,3.6529,2.422,3,0.0,0.453,0.0,0.0,0.0,0.0,0.0,-1,-2.82e-11,0.0,0.6919,0.2929,0.002252,0.001181,0.006635,-1.0,0.01514,0.788,0.934,1.531,0.194,1.337
87,0.0152,0.01508,10.0,1.0342770815,2.479818089,1.03,1.639,3.6502,2.364,3,0.0,0.453,0.0,0.0,0.0,0.0,0.0,-1,-3.35e-11,0.0,0.6919,0.2929,0.002252,0.001181,0.006635,-1.0,0.01514,0.672,0.829,1.436,0.082,1.3539999999999999
88,0.0152,0.01508,10.0,1.0344238281,2.4798465115,1.03,1.687,3.6474,2.306,3,0.0,0.452,0.0,0.0,0.0,0.0,0.0,-1,-4e-11,0.0,0.6919,0.2929,0.002252,0.001182,0.006635,-1.0,0.01514,0.553,0.723,1.341,-0.031,1.3719999999999999
89,0.0152,0.01508,10.0,1.0345529318,2.4798715092,1.03,1.733,3.6446,2.249,3,0.0,0.452,0.0,0.0,0.0,0.0,0.0,-1,-4.74e-11,0.0,0.6919,0.2929,0.002252,0.001182,0.006635,-1.0,0.01514,0.439,0.622,1.25,-0.14,1.3900000000000001
90,0.0152,0.01508,10.0,1.0346741676,2.4798949769,1.03,1.779,3.6417,2.191,3,0.0,0.452,0.0,0.0,0.0,0.0,0.0,-1,-5.64e-11,0.0,0.6919,0.2929,0.002252,0.001182,0.006635,-1.0,0.01514,0.322,0.519,1.158,-0.251,1.4089999999999998
91,0.0152,0.01508,10.0,1.0347834826,2.4799161317,1.03,1.825,3.6389,2.134,3,0.0,0.452,0.0,0.0,0.0,0.0,0.0,-1,-6.69e-11,0.0,0.6919,0.2929,0.002252,0.001182,0.006635,-1.0,0.01514,0.208,0.419,1.069,-0.359,1.428
92,0.0152,0.01508,10.0,1.0348836184,2.4799355056,1.03,1.87,3.636,2.077,3,0.0,0.452,0.0,0.0,0.0,0.0,0.0,-1,-7.93e-11,0.0,0.6919,0.2929,0.002252,0.001182,0.006636,-1.0,0.01514,0.095,0.321,0.983,-0.465,1.448
93,0.0152,0.01508,10.0,1.0349775553,2.4799536762,1.03,1.916,3.633,2.019,3,0.0,0.452,0.0,0.0,0.0,0.0,0.0,-1,-9.42e-11,0.0,0.6919,0.2929,0.002251,0.001183,0.006636,-1.0,0.01514,-0.019,0.222,0.897,-0.572,1.4689999999999999
94,0.0152,0.01508,10.0,1.0350606441,2.4799697453,1.029,1.96,3.6301,1.963,3,0.0,0.452,0.0,0.0,0.0,0.0,0.0,-1,-1.11e-10,0.0,0.6919,0.2929,0.002251,0.001183,0.006636,-1.0,0.01514,-0.13,0.126,0.812,-0.675,1.487
95,0.0152,0.01508,10.0,1.0351366997,2.4799844516,1.029,2.004,3.6271,1.907,3,0.0,0.452,0.0,0.0,0.0,0.0,0.0,-1,-1.31e-10,0.0,0.6919,0.2929,0.002251,0.001183,0.006636,-1.0,0.01514,-0.24,0.033,0.73,-0.775,1.505
96,0.0152,0.01508,10.0,1.0352082253,2.4799982796,1.029,2.049,3.6241,1.85,3,0.0,0.452,0.0,0.0,0.0,0.0,0.0,-1,-1.56e-10,0.0,0.6919,0.2929,0.002251,0.001183,0.006636,-1.0,0.01514,-0.353,-0.062,0.646,-0.878,1.524
97,0.0152,0.01508,10.0,1.0352715254,2.4800105157,1.029,2.092,3.6211,1.794,3,0.0,0.452,0.0,0.0,0.0,0.0,0.0,-1,-1.84e-10,0.0,0.6919,0.293,0.002251,0.001183,0.006636,-1.0,0.01514,-0.461,-0.153,0.565,-0.976,1.541
98,0.0152,0.01508,10.0,1.0353313684,2.4800220818,1.028,2.137,3.618,1.737,3,0.0,0.452,0.0,0.0,0.0,0.0,0.0,-1,-2.17e-10,0.0,0.6919,0.293,0.002251,0.001183,0.006636,-1.0,0.01514,-0.572,-0.246,0.482,-1.076,1.558
99,0.0152,0.01508,10.0,1.0353835821,2.4800321722,1.028,2.179,3.615,1.683,3,0.0,0.452,0.0,0.0,0.0,0.0,0.0,-1,-2.55e-10,0.0,0.6919,0.293,0.002251,0.001183,0.006636,-1.0,0.01514,-0.676,-0.332,0.407,-1.169,1.576
100,0.0152,0.01508,10.0,1.03543365,2.4800418468,1.027,2.222,3.6119,1.627,3,0.0,0.452,0.0,0.0,0.0,0.0,0.0,-1,-3e-10,0.0,0.6919,0.293,0.002251,0.001183,0.006636,-1.0,0.01514,-0.785,-0.421,0.328,-1.265,1.593
101,0.0152,0.01508,10.0,1.0354794264,2.4800506912,1.027,2.265,3.6087,1.572,3,0.0,0.452,0.0,0.0,0.0,0.0,0.0,-1,-3.54e-10,0.0,0.6919,0.293,0.002251,0.001183,0.006636,-1.0,0.01514,-0.892,-0.508,0.25,-1.359,1.609
102,0.0152,0.01508,10.0,1.0355205536,2.4800586365,1.026,2.306,3.6056,1.518,3,0.0,0.452,0.0,0.0,0.0,0.0,0.0,-1,-4.14e-10,0.0,0.6919,0.293,0.002251,0.001183,0.006636,-1.0,0.01514,-0.995,-0.59,0.178,-1.449,1.627
103,0.0152,0.01508,10.0,1.0355592966,2.4800661206,1.026,2.348,3.6024,1.463,3,0.0,0.452,0.0,0.0,0.0,0.0,0.0,-1,-4.87e-10,0.0,0.6919,0.293,0.002251,0.001183,0.006636,-1.0,0.01514,-1.1,-0.673,0.11,-1.542,1.6520000000000001
104,0.0152,0.01508,10.0,1.0355945826,2.4800729363,1.025,2.389,3.5992,1.408,3,0.0,0.452,0.0,0.0,0.0,0.0,0.0,-1,-5.71e-10,0.0,0.6919,0.293,0.002251,0.001183,0.006636,-1.0,0.01514,-1.204,-0.754,0.046,-1.633,1.679
105,0.0152,0.01508,10.0,1.0356268883,2.4800791759,1.025,2.43,3.596,1.354,3,0.0,0.452,0.0,0.0,0.0,0.0,0.0,-1,-6.68e-10,0.0,0.6919,0.293,0.002251,0.001184,0.006636,-1.0,0.01514,-1.305,-0.829,-0.01,-1.72,1.71
106,0.0152,0.01508,10.0,1.0356571674,2.4800850237,1.024,2.471,3.5927,1.3,3,0.0,0.452,0.0,0.0,0.0,0.0,0.0,-1,-7.82e-10,0.0,0.6919,0.293,0.002251,0.001184,0.006636,-1.0,0.01514,-1.408,-0.905,-0.066,-1.808,1.742
107,0.0152,0.01508,10.0,1.0356844664,2.4800902956,1.023,2.511,3.5895,1.247,3,0.0,0.452,12.4,8.99,6.28,4.84,3.93,4,-9.12e-10,0.0,0.6919,0.293,0.002251,0.001184,0.006636,-1.0,0.01514,-1.507,-0.978,-0.119,-1.892,1.773
108,0.0152,0.01508,10.0,1.0357092619,2.4800950838,1.022,2.55,3.5862,1.195,3,0.0,0.452,13.82,9.87,6.87,5.31,4.31,3,-1.06e-09,0.0,0.6919,0.293,0.002251,0.001184,0.006636,-1.0,0.01514,-1.604,-1.044,-0.161,-1.972,1.811
109,0.0152,0.01508,10.0,1.0357328653,2.4800996415,1.021,2.589,3.5828,1.141,3,0.0,0.452,15.44,10.87,7.53,5.83,4.73,3,-1.24e-09,0.0,0.6919,0.293,0.002251,0.001184,0.006636,-1.0,0.01514,-1.703,-1.111,-0.204,-2.054,1.8499999999999999
110,0.0152,0.01508,10.0,1.0357542038,2.4801037616,1.02,2.627,3.5795,1.089,3,0.0,0.452,17.2,11.94,8.23,6.38,5.18,3,-1.44e-09,0.0,0.6919,0.293,0.002251,0.001184,0.006636,-1.0,0.01514,-1.799,-1.176,-0.244,-2.131,1.8869999999999998
111,0.0152,0.01508,10.0,1.0357739925,2.4801075824,1.019,2.665,3.5761,1.038,3,0.0,0.452,19.15,13.11,9.0,6.98,5.67,3,-1.67e-09,0.0,0.6919,0.293,0.002251,0.001184,0.006636,-1.0,0.01514,-1.893,-1.231,-0.266,-2.204,1.9380000000000002
112,0.0152,0.01508,10.0,1.0357925892,2.4801111728,1.018,2.703,3.5726,0.985,3,0.0,0.452,21.35,14.4,9.85,7.65,6.22,3,-1.93e-09,0.0,0.6919,0.293,0.002251,0.001184,0.006636,-1.0,0.01514,-1.988,-1.287,-0.287,-2.276,1.9889999999999999
113,0.0152,0.01508,10.0,1.0358099937,2.4801145329,1.017,2.741,3.5691,0.933,3,0.0,0.452,23.79,15.82,10.77,8.38,6.81,3,-2.24e-09,0.0,0.6919,0.293,0.002251,0.001184,0.006636,-1.0,0.01514,-2.081,-1.338,-0.301,-2.347,2.046
114,0.0152,0.01508,10.0,1.0358296633,2.4801183302,1.015,2.786,3.5648,0.87,3,0.0,0.452,27.14,17.74,12.01,9.36,7.61,3,-2.68e-09,0.0,0.6919,0.293,0.00225,0.001184,0.006636,-1.0,0.01514,-2.195,-1.392,-0.297,-2.426,2.129
115,0.0152,0.01508,10.0,1.0358475447,2.4801217821,1.014,2.83,3.5605,0.808,3,0.0,0.452,30.89,19.84,13.37,10.44,8.48,2,-3.2e-09,0.0,0.6919,0.293,0.00225,0.001184,0.006636,-1.0,0.01514,-2.305,-1.443,-0.291,-2.503,2.212
116,0.0152,0.01508,10.0,1.0358639956,2.4801249577,1.012,2.873,3.5561,0.746,3,0.0,0.452,35.09,22.16,14.86,11.62,9.45,2,-3.8e-09,0.0,0.6919,0.293,0.00225,0.001184,0.006636,-1.0,0.01514,-2.414,-1.484,-0.258,-2.57,2.312
117,0.0152,0.01508,10.0,1.0358792543,2.4801279031,1.009,2.917,3.5517,0.684,3,0.0,0.452,39.93,24.78,16.53,12.95,10.53,2,-4.53e-09,0.0,0.6919,0.293,0.00225,0.001184,0.006636,-1.0,0.01514,-2.522,-1.521,-0.218,-2.636,2.418
118,0.0152,0.01508,10.0,1.035893321,2.4801306183,1.007,2.959,3.5472,0.623,3,0.0,0.452,45.32,27.66,18.36,14.41,11.72,2,-5.38e-09,0.0,0.6919,0.293,0.00225,0.001184,0.006636,-1.0,0.01514,-2.628,-1.548,-0.157,-2.692,2.535
119,0.0152,0.01508,10.0,1.0359063148,2.4801331264,1.004,3.0,3.5427,0.562,3,0.0,0.452,51.4,30.84,20.37,16.01,13.03,2,-6.37e-09,0.0,0.6919,0.293,0.00225,0.001184,0.006636,-1.0,0.01514,-2.731,-1.567,-0.08,-2.742,2.662
120,0.0152,0.01508,10.0,1.0359184742,2.4801354733,1.001,3.042,3.5381,0.501,3,0.0,0.452,58.31,34.4,22.61,17.8,14.49,2,-7.55e-09,0.0,0.6919,0.293,0.00225,0.001184,0.006636,-1.0,0.01514,-2.834,-1.579,0.01,-2.785,2.795
121,0.0152,0.01508,10.0,1.0359295607,2.4801376131,0.998,3.082,3.5336,0.442,3,0.0,0.452,65.99,38.29,25.04,19.75,16.08,2,-8.91e-09,0.0,0.6919,0.293,0.00225,0.001184,0.006636,-1.0,0.01514,-2.935,-1.58,0.126,-2.817,2.943
122,0.0152,0.01508,10.0,1.0359399319,2.4801396148,0.995,3.122,3.529,0.382,3,0.0,0.452,74.68,42.61,27.73,21.91,17.84,2,-1.05e-08,0.0,0.6919,0.293,0.00225,0.001184,0.006636,-1.0,0.01514,-3.034,-1.575,0.251,-2.842,3.093
123,0.0152,0.01508,10.0,1.0359495878,2.4801414784,0.991,3.16,3.5244,0.323,3,0.0,0.452,84.39,47.35,30.67,24.27,19.77,1,-1.24e-08,0.0,0.6919,0.293,0.00225,0.001184,0.006636,-1.0,0.01514,-3.131,-1.551,0.406,-2.848,3.254
124,0.0152,0.01508,10.0,1.0359584093,2.4801431809,0.987,3.198,3.5197,0.265,3,0.0,0.452,95.26,52.57,33.89,26.87,21.89,1,-1.45e-08,0.0,0.6919,0.293,0.00225,0.001184,0.006636,-1.0,0.01514,-3.226,-1.521,0.571,-2.847,3.418
125,0.0152,0.01508,10.0,1.0359668732,2.4801448143,0.982,3.236,3.515,0.207,3,0.0,0.452,107.41,58.31,37.41,29.7,24.21,1,-1.7e-08,0.0,0.6919,0.293,0.00225,0.001184,0.006636,-1.0,0.01514,-3.319,-1.461,0.783,-2.815,3.598
126,0.0152,0.01508,10.0,1.035974741,2.4801463327,0.977,3.272,3.5103,0.149,3,0.0,0.452,121.17,64.68,41.3,32.85,26.78,0,-1.99e-08,0.0,0.6919,0.293,0.00225,0.001184,0.006636,-1.0,0.01514,-3.411,-1.397,1.002,-2.78,3.782
127,0.0152,0.01508,10.0,1.0359820127,2.480147736,0.972,3.308,3.5056,0.092,3,0.0,0.452,136.37,71.6,45.5,36.26,29.56,0,-2.31e-08,0.0,0.6919,0.293,0.00225,0.001184,0.006636,-1.0,0.01514,-3.501,-1.348,1.171,-2.753,3.9240000000000004
128,0.0152,0.01508,10.0,1.0359889269,2.4801490704,0.966,3.343,3.501,0.036,3,0.0,0.452,153.08,79.07,50.02,39.92,32.55,0,-2.68e-08,0.0,0.6919,0.293,0.00225,0.001184,0.006636,-1.0,0.01514,-3.588,-1.288,1.354,-2.715,4.069
129,0.0152,0.01508,10.0,1.0359956026,2.4801503586,0.959,3.378,3.4964,-0.021,3,0.0,0.452,170.48,87.41,55.03,44.0,35.89,0,-3.11e-08,0.0,0.6919,0.293,0.00225,0.001184,0.006636,-1.0,0.01514,-3.674,-1.231,1.515,-2.677,4.192
130,0.0152,0.01508,10.0,1.0360008478,2.4801513708,0.953,3.403,3.4929,-0.063,3,0.0,0.452,181.4,94.16,59.08,47.3,38.58,0,-3.48e-08,0.0,0.6919,0.293,0.00225,0.001184,0.006636,-1.0,0.01514,-3.738,-1.19,1.627,-2.649,4.276
131,0.0152,0.01508,10.0,1.0360008478,2.4801513708,0.953,1.679,3.6673,2.359,4,0.0,0.472,0.0,0.0,0.0,0.0,0.0,-1,-9.999999999999999e-31,0.0,0.6947,0.2902,0.00234,0.001062,0.00661,-1.0,0.01507,0.572,0.66,1.213,-0.045,1.258
132,0.0152,0.01508,10.0,1.0360877514,2.4801681394,0.953,1.687,3.6668,2.349,4,0.0,0.472,0.0,0.0,0.0,0.0,0.0,-1,-9.999999999999999e-31,0.0,0.6947,0.2902,0.00234,0.001063,0.00661,-1.0,0.01507,0.553,0.643,1.198,-0.063,1.261
133,0.0152,0.01508,10.0,1.0361766815,2.4801852957,0.953,1.69,3.6666,2.345,4,0.0,0.472,0.0,0.0,0.0,0.0,0.0,-1,-9.999999999999999e-31,0.0,0.6947,0.2902,0.00234,0.001063,0.00661,-1.0,0.01507,0.544,0.635,1.19,-0.072,1.262
134,0.0152,0.01508,10.0,1.0362657309,2.4802024717,0.953,1.69,3.6668,2.346,4,0.0,0.472,0.0,0.0,0.0,0.0,0.0,-1,-9.999999999999999e-31,0.0,0.6947,0.2902,0.00234,0.001063,0.00661,-1.0,0.01507,0.544,0.634,1.189,-0.072,1.2610000000000001
135,0.0152,0.01508,10.0,1.0363553762,2.4802197591,0.953,1.688,3.6672,2.35,4,0.0,0.472,0.0,0.0,0.0,0.0,0.0,-1,-9.999999999999999e-31,0.0,0.6947,0.2902,0.00234,0.001063,0.00661,-1.0,0.01507,0.55,0.638,1.191,-0.067,1.258
136,0.0152,0.01508,10.0,1.0364483595,2.4802376866,0.953,1.685,3.6677,2.355,4,0.0,0.472,0.0,0.0,0.0,0.0,0.0,-1,-9.999999999999999e-31,0.0,0.6947,0.2902,0.00234,0.001063,0.00661,-1.0,0.01508,0.557,0.643,1.195,-0.06,1.2550000000000001
137,0.0152,0.01508,10.0,1.0365377665,2.4802549211,0.953,1.682,3.6683,2.36,4,0.0,0.472,0.0,0.0,0.0,0.0,0.0,-1,-9.999999999999999e-31,0.0,0.6947,0.2902,0.00234,0.001063,0.00661,-1.0,0.01508,0.564,0.649,1.199,-0.054,1.2530000000000001
138,0.0152,0.01508,10.0,1.0366318226,2.4802730481,0.954,1.679,3.6688,2.365,4,0.0,0.472,0.0,0.0,0.0,0.0,0.0,-1,-9.999999999999999e-31,0.0,0.6947,0.2902,0.00234,0.001063,0.00661,-1.0,0.01508,0.572,0.654,1.202,-0.047,1.2489999999999999
139,0.0152,0.01508,10.0,1.0367223024,2.4802904823,0.954,1.676,3.6693,2.37,4,0.0,0.472,0.0,0.0,0.0,0.0,0.0,-1,-9.999999999999999e-31,0.0,0.6947,0.2902,0.00234,0.001063,0.00661,-1.0,0.01508,0.579,0.659,1.206,-0.041,1.2469999999999999
140,0.0152,0.01508,10.0,1.0368109941,2.4803075685,0.954,1.674,3.6698,2.375,4,0.0,0.472,0.0,0.0,0.0,0.0,0.0,-1,-9.999999999999999e-31,0.0,0.6947,0.2902,0.00234,0.001064,0.00661,-1.0,0.01508,0.585,0.664,1.209,-0.035,1.244
141,0.0152,0.01508,10.0,1.0369075537,2.4803261666,0.954,1.672,3.6702,2.379,4,0.0,0.472,0.0,0.0,0.0,0.0,0.0,-1,-9.999999999999999e-31,0.0,0.6947,0.2902,0.00234,0.001064,0.00661,-1.0,0.01508,0.591,0.668,1.212,-0.03,1.242
142,0.0152,0.01508,10.0,1.0370041132,2.4803447608,0.954,1.67,3.6707,2.383,4,0.0,0.472,0.0,0.0,0.0,0.0,0.0,-1,-9.999999999999999e-31,0.0,0.6947,0.2903,0.002339,0.001064,0.00661,-1.0,0.01508,0.596,0.672,1.214,-0.025,1.2389999999999999
143,0.0152,0.01508,10.0,1.0371010303,2.4803634198,0.954,1.668,3.671,2.386,4,0.0,0.472,0.0,0.0,0.0,0.0,0.0,-1,-9.999999999999999e-31,0.0,0.6947,0.2903,0.002339,0.001064,0.006611,-1.0,0.01508,0.601,0.675,1.216,-0.021,1.2369999999999999
144,0.0152,0.01508,10.0,1.0371954441,2.480381593,0.954,1.666,3.6713,2.389,4,0.0,0.472,0.0,0.0,0.0,0.0,0.0,-1,-9.999999999999999e-31,0.0,0.6947,0.2903,0.002339,0.001064,0.006611,-1.0,0.01508,0.604,0.678,1.218,-0.017,1.2349999999999999
145,0.0152,0.01508,10.0,1.0372377634,2.4803897375,0.954,1.666,3.6715,2.39,4,0.0,0.472,0.0,0.0,0.0,0.0,0.0,-1,-9.999999999999999e-31,0.0,0.6947,0.2903,0.002339,0.001064,0.006611,-1.0,0.01508,0.606,0.679,1.219,-0.016,1.235
146,0.0152,0.01508,10.0,1.0372672081,2.4803954039,0.954,1.665,3.6716,2.391,4,0.0,0.472,0.0,0.0,0.0,0.0,0.0,-1,-9.999999999999999e-31,0.0,0.6947,0.2903,0.002339,0.001064,0.006611,-1.0,0.01508,0.607,0.679,1.219,-0.015,1.234
147,0.0152,0.01508,10.0,1.0373581648,2.4804129053,0.954,1.664,3.6718,2.393,4,0.0,0.472,0.0,0.0,0.0,0.0,0.0,-1,-9.999999999999999e-31,0.0,0.6947,0.2903,0.002339,0.001064,0.006611,-1.0,0.01508,0.609,0.681,1.22,-0.013,1.2329999999999999
148,0.0152,0.01508,10.0,1.0374464989,2.4804298986,0.955,1.664,3.672,2.394,4,0.0,0.472,0.0,0.0,0.0,0.0,0.0,-1,-9.999999999999999e-31,0.0,0.6947,0.2903,0.002339,0.001065,0.006611,-1.0,0.01508,0.611,0.682,1.22,-0.011,1.2309999999999999
149,0.0152,0.01508,10.0,1.0375312567,2.4804462009,0.955,1.663,3.6722,2.395,4,0.0,0.472,0.0,0.0,0.0,0.0,0.0,-1,-9.999999999999999e-31,0.0,0.6947,0.2903,0.002339,0.001065,0.006611,-1.0,0.01508,0.612,0.682,1.22,-0.011,1.2309999999999999
150,0.0152,0.01508,10.0,1.0376223326,2.4804637149,0.955,1.663,3.6723,2.396,4,0.0,0.472,0.0,0.0,0.0,0.0,0.0,-1,-9.999999999999999e-31,0.0,0.6946,0.2903,0.002339,0.001065,0.006611,-1.0,0.01508,0.612,0.682,1.22,-0.01,1.23
151,0.0152,0.01508,10.0,1.0377086401,2.4804803087,0.955,1.663,3.6724,2.396,4,0.0,0.472,0.0,0.0,0.0,0.0,0.0,-1,-9.999999999999999e-31,0.0,0.6946,0.2903,0.002339,0.001065,0.006611,-1.0,0.01508,0.612,0.681,1.219,-0.011,1.23
152,0.0152,0.01508,10.0,1.0377969742,2.4804972889,0.955,1.664,3.6724,2.396,4,0.0,0.472,0.0,0.0,0.0,0.0,0.0,-1,-9.999999999999999e-31,0.0,0.6946,0.2903,0.002339,0.001065,0.006611,-1.0,0.01508,0.61,0.68,1.217,-0.013,1.23
153,0.0152,0.01508,10.0,1.0378836393,2.480513945,0.955,1.665,3.6724,2.394,4,0.0,0.472,0.0,0.0,0.0,0.0,0.0,-1,-9.999999999999999e-31,0.0,0.6946,0.2903,0.002339,0.001065,0.006611,-1.0,0.01508,0.607,0.677,1.214,-0.015,1.2289999999999999
154,0.0152,0.01508,10.0,1.037889719,2.4805151134,0.955,1.665,3.6724,2.394,4,0.0,0.472,0.0,0.0,0.0,0.0,0.0,-1,-9.999999999999999e-31,0.0,0.6946,0.2903,0.002339,0.001065,0.006611,-1.0,0.01508,0.607,0.677,1.214,-0.016,1.23
155,0.0152,0.01508,10.0,1.0379265547,2.4805221917,0.955,1.666,3.6723,2.394,4,0.0,0.472,0.0,0.0,0.0,0.0,0.0,-1,-9.999999999999999e-31,0.0,0.6946,0.2903,0.002339,0.001065,0.006611,-1.0,0.01508,0.606,0.676,1.213,-0.017,1.23
156,0.0152,0.01508,10.0,1.0380172729,2.4805396217,0.955,1.668,3.6722,2.391,4,0.0,0.472,0.0,0.0,0.0,0.0,0.0,-1,-9.999999999999999e-31,0.0,0.6946,0.2903,0.002338,0.001065,0.006611,-1.0,0.01508,0.601,0.671,1.209,-0.022,1.231
157,0.0152,0.01508,10.0,1.0381066799,2.4805567964,0.955,1.67,3.672,2.388,4,0.0,0.472,0.0,0.0,0.0,0.0,0.0,-1,-9.999999999999999e-31,0.0,0.6946,0.2903,0.002338,0.001065,0.006611,-1.0,0.01508,0.595,0.666,1.204,-0.028,1.232
158,0.0152,0.01508,10.0,1.0381959677,2.4805739447,0.955,1.673,3.6718,2.384,4,0.0,0.472,0.0,0.0,0.0,0.0,0.0,-1,-9.999999999999999e-31,0.0,0.6946,0.2903,0.002338,0.001066,0.006611,-1.0,0.01508,0.587,0.659,1.198,-0.035,1.2329999999999999
159,0.0152,0.01508,10.0,1.0382874012,2.4805915016,0.956,1.677,3.6714,2.379,4,0.0,0.472,0.0,0.0,0.0,0.0,0.0,-1,-9.999999999999999e-31,0.0,0.6946,0.2903,0.002338,0.001066,0.006611,-1.0,0.01508,0.577,0.65,1.19,-0.045,1.2349999999999999
160,0.0152,0.01508,10.0,1.0383776426,2.4806088262,0.956,1.682,3.671,2.372,4,0.0,0.472,0.0,0.0,0.0,0.0,0.0,-1,-9.999999999999999e-31,0.0,0.6946,0.2903,0.002338,0.001066,0.006611,-1.0,0.01508,0.565,0.64,1.181,-0.057,1.238
161,0.0152,0.01508,10.0,1.0384677649,2.4806261244,0.956,1.687,3.6705,2.365,4,0.0,0.472,0.0,0.0,0.0,0.0,0.0,-1,-9.999999999999999e-31,0.0,0.6946,0.2903,0.002338,0.001066,0.006611,-1.0,0.01508,0.551,0.628,1.171,-0.07,1.241
162,0.0152,0.01508,10.0,1.0385576487,2.4806433734,0.956,1.694,3.6699,2.356,4,0.0,0.472,0.0,0.0,0.0,0.0,0.0,-1,-9.999999999999999e-31,0.0,0.6946,0.2903,0.002338,0.001066,0.006611,-1.0,0.01508,0.536,0.614,1.159,-0.084,1.243
163,0.0152,0.01508,10.0,1.038646698,2.4806604589,0.956,1.701,3.6692,2.346,4,0.0,0.472,0.0,0.0,0.0,0.0,0.0,-1,-9.999999999999999e-31,0.0,0.6946,0.2903,0.002338,0.001066,0.006611,-1.0,0.01508,0.518,0.599,1.146,-0.102,1.248
164,0.0152,0.01508,10.0,1.0387382507,2.4806780212,0.956,1.707,3.6686,2.338,4,0.0,0.472,0.0,0.0,0.0,0.0,0.0,-1,-9.999999999999999e-31,0.0,0.6946,0.2903,0.002338,0.001066,0.006611,-1.0,0.01508,0.503,0.587,1.136,-0.116,1.252
165,0.0152,0.01508,10.0,1.0388308764,2.4806957856,0.956,1.713,3.668,2.329,4,0.0,0.472,0.0,0.0,0.0,0.0,0.0,-1,-9.999999999999999e-31,0.0,0.6946,0.2903,0.002338,0.001066,0.006611,-1.0,0.01508,0.487,0.572,1.123,-0.132,1.255
166,0.0152,0.01508,10.0,1.0389230251,2.480713455,0.956,1.74,3.6655,2.292,4,0.0,0.472,0.0,0.0,0.0,0.0,0.0,-1,-9.999999999999999e-31,0.0,0.6946,0.2903,0.002338,0.001067,0.006611,-1.0,0.01508,0.419,0.514,1.073,-0.196,1.269
167,0.0152,0.01508,10.0,1.0389945507,2.4807271675,0.956,1.779,3.6619,2.239,4,0.0,0.472,0.0,0.0,0.0,0.0,0.0,-1,-9.999999999999999e-31,0.0,0.6946,0.2903,0.002337,0.001067,0.006611,-1.0,0.01508,0.323,0.431,1.002,-0.288,1.29
168,0.0152,0.01508,10.0,1.0390301943,2.480734,0.956,1.817,3.6583,2.187,4,0.0,0.472,0.0,0.0,0.0,0.0,0.0,-1,-9.999999999999999e-31,0.0,0.6946,0.2903,0.002337,0.001067,0.006611,-1.0,0.01508,0.228,0.35,0.933,-0.378,1.311
169,0.0152,0.01508,10.0,1.0390502214,2.4807378388,0.956,1.858,3.6545,2.13,4,0.0,0.472,0.0,0.0,0.0,0.0,0.0,-1,-9.999999999999999e-31,0.0,0.6946,0.2903,0.002337,0.001067,0.006611,-1.0,0.01508,0.124,0.262,0.858,-0.475,1.333
170,0.0152,0.01508,10.0,1.0390599966,2.4807397125,0.956,1.897,3.651,2.077,4,0.0,0.472,0.0,0.0,0.0,0.0,0.0,-1,-9.999999999999999e-31,0.0,0.6946,0.2903,0.002337,0.001067,0.006611,-1.0,0.01508,0.027,0.18,0.788,-0.567,1.355
171,0.0152,0.01508,10.0,1.039065361,2.4807407407,0.956,1.936,3.6475,2.025,4,0.0,0.472,0.0,0.0,0.0,0.0,0.0,-1,-9.999999999999999e-31,0.0,0.6946,0.2903,0.002337,0.001067,0.006611,-1.0,0.01508,-0.07,0.099,0.719,-0.657,1.376
172,0.0152,0.01508,10.0,1.0390684605,2.4807413347,0.956,1.975,3.644,1.972,4,0.0,0.472,0.0,0.0,0.0,0.0,0.0,-1,-9.999999999999999e-31,0.0,0.6946,0.2903,0.002337,0.001067,0.006611,-1.0,0.01508,-0.167,0.018,0.651,-0.747,1.3980000000000001
173,0.0152,0.01508,10.0,1.039070487,2.4807417232,0.956,2.014,3.6405,1.919,4,0.0,0.472,0.0,0.0,0.0,0.0,0.0,-1,-9.999999999999999e-31,0.0,0.6946,0.2903,0.002337,0.001067,0.006611,-1.0,0.01508,-0.265,-0.064,0.58,-0.837,1.4169999999999998
174,0.0152,0.01508,10.0,1.0390715599,2.4807419288,0.956,2.041,3.6382,1.883,7,0.0,0.472,0.0,0.0,0.0,0.0,0.0,-1,-9.999999999999999e-31,0.0,0.6946,0.2903,0.002337,0.001067,0.006611,-1.0,0.01508,-0.332,-0.119,0.533,-0.897,1.4300000000000002
175,0.0152,0.01508,10.0,1.0390719175,2.4807419973,0.956,2.051,3.6373,1.869,7,0.0,0.472,0.0,0.0,0.0,0.0,0.0,-1,-9.999999999999999e-31,0.0,0.6946,0.2903,0.002337,0.001067,0.006611,-1.0,0.01508,-0.357,-0.139,0.516,-0.92,1.436
176,0.0152,0.01508,10.0,1.0390735865,2.4807423172,0.956,2.098,3.6333,1.806,7,0.0,0.472,0.0,0.0,0.0,0.0,0.0,-1,-9.999999999999999e-31,0.0,0.6946,0.2903,0.002337,0.001067,0.006611,-1.0,0.01508,-0.474,-0.235,0.434,-1.025,1.4589999999999999
177,0.0152,0.01508,10.0,1.039075017,2.4807425914,0.956,2.136,3.6299,1.754,7,0.0,0.472,0.0,0.0,0.0,0.0,0.0,-1,-9.999999999999999e-31,0.0,0.6946,0.2903,0.002337,0.001067,0.006611,-1.0,0.01508,-0.571,-0.315,0.364,-1.113,1.4769999999999999
178,0.0152,0.01508,10.0,1.0390789509,2.4807433454,0.957,2.149,3.6289,1.737,7,0.0,0.472,0.0,0.0,0.0,0.0,0.0,-1,-9.999999999999999e-31,0.0,0.6946,0.2903,0.002337,0.001067,0.006611,-1.0,0.01508,-0.602,-0.341,0.342,-1.141,1.483
179,0.0152,0.01508,10.0,1.0390828848,2.4807440994,0.957,2.116,3.6318,1.782,7,0.0,0.472,0.0,0.0,0.0,0.0,0.0,-1,-9.999999999999999e-31,0.0,0.6946,0.2903,0.002337,0.001067,0.006611,-1.0,0.01508,-0.519,-0.273,0.4,-1.066,1.4660000000000002
180,0.0152,0.01508,10.0,1.0391182899,2.4807508849,0.956,2.089,3.6341,1.817,7,0.0,0.472,0.0,0.0,0.0,0.0,0.0,-1,-2.7e-17,0.0,0.6946,0.2895,0.002337,0.001067,0.006611,-1.0,0.01594,-0.453,-0.219,0.447,-1.007,1.454
181,0.0152,0.01508,10.0,1.039177537,2.4807622386,0.955,2.126,3.6308,1.767,7,0.0,0.472,0.0,0.0,0.0,0.0,0.0,-1,-7.6e-10,0.0,0.6946,0.289,0.002337,0.001067,0.006611,-1.0,0.01643,-0.545,-0.294,0.382,-1.09,1.472
182,0.0152,0.01508,10.0,1.0392121077,2.4807688628,0.954,2.167,3.6272,1.712,7,0.0,0.472,0.0,0.0,0.0,0.0,0.0,-1,-9.42e-10,0.0,0.6946,0.289,0.002337,0.001067,0.006611,-1.0,0.01643,-0.647,-0.376,0.313,-1.18,1.4929999999999999
183,0.0152,0.01508,10.0,1.0392442942,2.4807750298,0.953,2.207,3.6237,1.657,7,0.0,0.472,0.0,0.0,0.0,0.0,0.0,-1,-1.16e-09,0.0,0.6946,0.289,0.002337,0.001067,0.006611,-1.0,0.01643,-0.748,-0.457,0.243,-1.269,1.512
184,0.0152,0.01508,10.0,1.0392729044,2.4807805111,0.952,2.249,3.6201,1.6,7,0.0,0.471,0.0,0.0,0.0,0.0,0.0,-1,-1.43e-09,0.0,0.6946,0.289,0.002337,0.001067,0.006611,-1.0,0.01643,-0.852,-0.541,0.171,-1.361,1.532
185,0.0152,0.01508,10.0,1.0392975807,2.4807852385,0.951,2.29,3.6165,1.544,7,0.0,0.471,0.0,0.0,0.0,0.0,0.0,-1,-1.77e-09,0.0,0.6946,0.289,0.002337,0.001067,0.006611,-1.0,0.01643,-0.955,-0.622,0.102,-1.45,1.552
186,0.0152,0.01508,10.0,1.0393191576,2.4807893719,0.949,2.331,3.6129,1.488,7,0.0,0.471,0.0,0.0,0.0,0.0,0.0,-1,-2.18e-09,0.0,0.6946,0.289,0.002337,0.001067,0.006611,-1.0,0.01643,-1.058,-0.703,0.033,-1.54,1.573
187,0.0152,0.01508,10.0,1.0393383503,2.4807930484,0.948,2.373,3.6092,1.431,7,0.0,0.471,0.0,0.0,0.0,0.0,0.0,-1,-2.69e-09,0.0,0.6946,0.289,0.002337,0.001067,0.006611,-1.0,0.01643,-1.162,-0.783,-0.031,-1.631,1.6
188,0.0152,0.01508,10.0,1.039355278,2.4807962908,0.946,2.414,3.6056,1.374,7,0.0,0.471,0.0,0.0,0.0,0.0,0.0,-1,-3.34e-09,0.0,0.6946,0.289,0.002337,0.001067,0.006611,-1.0,0.01643,-1.266,-0.862,-0.091,-1.722,1.631
189,0.0152,0.01508,10.0,1.0393704176,2.4807991907,0.944,2.456,3.6019,1.317,7,0.0,0.471,0.0,0.0,0.0,0.0,0.0,-1,-4.11e-09,0.0,0.6946,0.289,0.002337,0.001067,0.006611,-1.0,0.01643,-1.369,-0.939,-0.15,-1.811,1.661
190,0.0152,0.01508,10.0,1.0393841267,2.4808018165,0.942,2.497,3.5982,1.26,7,0.0,0.471,0.0,0.0,0.0,0.0,0.0,-1,-5.02e-09,0.0,0.6946,0.289,0.002337,0.001067,0.006611,-1.0,0.01643,-1.472,-1.013,-0.204,-1.898,1.694
191,0.0152,0.01508,10.0,1.0393968821,2.4808042596,0.94,2.537,3.5942,1.202,7,0.0,0.471,13.24,9.53,6.63,5.13,4.16,3,-6.18e-09,0.0,0.6946,0.289,0.002336,0.001068,0.006611,-1.0,0.01642,-1.574,-1.083,-0.25,-1.982,1.732
192,0.0152,0.01508,10.0,1.0394089222,2.4808065656,0.937,2.578,3.5891,1.14,7,0.0,0.471,15.07,10.66,7.37,5.72,4.64,3,-7.59e-09,0.0,0.6946,0.289,0.002334,0.001069,0.006611,-1.0,0.01642,-1.675,-1.142,-0.278,-2.06,1.782
193,0.0152,0.01508,10.0,1.0394204855,2.4808087802,0.934,2.619,3.5816,1.068,7,0.0,0.47,17.51,12.13,8.34,6.49,5.26,3,-9.2e-09,0.0,0.6946,0.289,0.00233,0.001071,0.006612,-1.0,0.01639,-1.777,-1.175,-0.258,-2.122,1.8639999999999999
194,0.0152,0.01508,10.0,1.0394313335,2.4808108577,0.93,2.66,3.5773,1.008,7,0.0,0.469,19.82,13.5,9.24,7.2,5.84,3,-1.13e-08,0.0,0.6946,0.2891,0.002325,0.001078,0.006612,-1.0,0.01637,-1.879,-1.231,-0.277,-2.198,1.9209999999999998
195,0.0152,0.01508,10.0,1.0394414663,2.4808127983,0.926,2.7,3.5731,0.948,7,0.0,0.467,22.44,15.03,10.23,7.98,6.48,3,-1.38e-08,0.0,0.6946,0.2891,0.002317,0.001086,0.006612,-1.0,0.01637,-1.981,-1.285,-0.288,-2.273,1.985
196,0.0152,0.01508,10.0,1.0394508839,2.4808146018,0.921,2.742,3.5687,0.887,7,0.0,0.466,25.47,16.76,11.36,8.88,7.21,2,-1.7e-08,0.0,0.6946,0.2891,0.002309,0.001095,0.006612,-1.0,0.01637,-2.084,-1.335,-0.29,-2.346,2.056
197,0.0152,0.01508,10.0,1.0394591093,2.480816177,0.916,2.785,3.564,0.822,7,0.0,0.464,29.13,18.82,12.68,9.93,8.07,2,-2.11e-08,0.0,0.6946,0.2891,0.002302,0.001104,0.006612,-1.0,0.01637,-2.193,-1.379,-0.272,-2.418,2.146
198,0.0152,0.01508,10.0,1.0394649506,2.4808172956,0.911,2.828,3.5591,0.758,7,0.0,0.463,33.31,21.11,14.15,11.1,9.02,2,-2.59e-08,0.0,0.6946,0.2891,0.002296,0.001112,0.006612,-1.0,0.01636,-2.3,-1.419,-0.244,-2.486,2.242
199,0.0152,0.01508,10.0,1.0394688845,2.4808180489,0.907,2.868,3.5545,0.697,7,0.0,0.462,37.81,23.54,15.71,12.34,10.03,2,-3.13e-08,0.0,0.6946,0.2891,0.00229,0.001119,0.006612,-1.0,0.01636,-2.401,-1.445,-0.19,-2.543,2.353
200,0.0152,0.01508,10.0,1.0394723415,2.480818711,0.903,2.908,3.5497,0.636,7,0.0,0.461,42.91,26.25,17.42,13.72,11.15,2,-3.8e-08,0.0,0.6946,0.2891,0.002285,0.001124,0.006612,-1.0,0.01636,-2.501,-1.469,-0.13,-2.597,2.467
201,0.0152,0.01508,10.0,1.039475441,2.4808193045,0.899,2.948,3.5448,0.575,7,0.0,0.46,48.74,29.28,19.34,15.25,12.4,2,-4.56e-08,0.0,0.6946,0.2891,0.002281,0.001129,0.006612,-1.0,0.01636,-2.6,-1.476,-0.035,-2.637,2.602
202,0.0152,0.01508,10.0,1.039478302,2.4808198524,0.894,2.987,3.54,0.515,7,0.0,0.46,55.27,32.62,21.43,16.93,13.77,2,-5.46e-08,0.0,0.6946,0.2891,0.002279,0.001133,0.006612,-1.0,0.01636,-2.697,-1.483,0.06,-2.676,2.736
203,0.0152,0.01508,10.0,1.0394809246,2.4808203546,0.889,3.022,3.5354,0.458,7,0.0,0.459,62.23,36.1,23.61,18.69,15.2,2,-6.51e-08,0.0,0.6946,0.2891,0.002277,0.001135,0.006612,-1.0,0.01633,-2.786,-1.47,0.192,-2.695,2.887
204,0.0152,0.01508,10.0,1.0394835472,2.4808208568,0.883,3.058,3.5305,0.4,7,0.0,0.459,70.21,40.02,26.05,20.66,16.8,1,-7.71e-08,0.0,0.6946,0.2891,0.002277,0.001136,0.006612,-1.0,0.01633,-2.875,-1.452,0.334,-2.71,3.044
205,0.0152,0.01508,10.0,1.039486289,2.4808213818,0.875,3.094,3.5254,0.339,7,0.0,0.459,79.62,44.56,28.86,22.92,18.65,1,-9.26e-08,0.0,0.6946,0.2891,0.002276,0.001136,0.006612,-1.0,0.01633,-2.965,-1.411,0.517,-2.701,3.218
206,0.0152,0.01508,10.0,1.03948915,2.4808219297,0.865,3.129,3.5203,0.279,7,0.0,0.459,90.14,49.51,31.91,25.39,20.67,1,-1.11e-07,0.0,0.6946,0.2891,0.002276,0.001136,0.006612,-1.0,0.01633,-3.052,-1.364,0.709,-2.686,3.395
207,0.0152,0.01508,10.0,1.0394923687,2.480822546,0.851,3.162,3.5151,0.218,7,0.0,0.459,102.21,55.06,35.3,28.16,22.92,0,-1.32e-07,0.0,0.6946,0.2891,0.002276,0.001136,0.006612,-1.0,0.01633,-3.136,-1.28,0.96,-2.634,3.594
208,0.0152,0.01508,10.0,1.0394955873,2.4808231623,0.835,3.207,3.5079,0.137,7,0.0,0.459,121.02,63.49,40.43,32.34,26.33,0,-1.68e-07,0.0,0.6946,0.2891,0.002276,0.001136,0.006612,-1.0,0.01633,-3.247,-1.164,1.293,-2.558,3.851
209,0.0152,0.01508,10.0,1.0394976139,2.4808235504,0.821,3.301,3.4926,-0.026,7,0.0,0.459,162.32,84.86,53.31,42.85,34.91,0,-2.57e-07,0.0,0.6946,0.2891,0.002276,0.001136,0.006612,-1.0,0.01633,-3.482,-0.931,1.878,-2.391,4.269
210,0.0152,0.01508,10.0,1.0394980907,2.4808236417,0.815,3.32,3.4892,-0.062,7,0.0,0.459,171.01,90.34,56.58,45.54,37.1,0,-2.84e-07,0.0,0.6946,0.2891,0.002276,0.001136,0.006612,-1.0,0.01633,-3.53,-0.883,1.985,-2.354,4.339
211,0.0152,0.01508,10.0,1.03949821,2.4808236645,0.813,3.309,3.4907,-0.045,7,0.0,0.459,166.63,87.65,54.97,44.22,36.02,0,-2.71e-07,0.0,0.6946,0.2891,0.002276,0.001136,0.006612,-1.0,0.01633,-3.501,-0.893,1.955,-2.36,4.3149999999999995
212,0.0152,0.01508,10.0,1.0394983292,2.4808236873,0.812,3.297,3.4923,-0.028,7,0.0,0.459,162.05,84.85,53.29,42.85,34.9,0,-2.61e-07,0.0,0.6946,0.2891,0.002276,0.001136,0.006612,-1.0,0.01633,-3.471,-0.911,1.905,-2.372,4.277
213,0.0152,0.01508,10.0,1.0394984484,2.4808237102,0.811,3.301,3.4915,-0.036,7,0.0,0.459,164.03,86.08,54.03,43.46,35.4,0,-2.66e-07,0.0,0.6946,0.2891,0.002276,0.001136,0.006612,-1.0,0.01633,-3.483,-0.899,1.932,-2.362,4.2940000000000005
214,0.0152,0.01508,10.0,1.0394985676,2.480823733,0.81,3.319,3.4888,-0.066,7,0.0,0.459,171.61,90.81,56.86,45.77,37.28,0,-2.87e-07,0.0,0.6946,0.2891,0.002276,0.001136,0.006612,-1.0,0.01633,-3.528,-0.873,1.998,-2.345,4.343
215,0.0152,0.01508,10.0,1.0394986868,2.4808237558,0.808,3.339,3.4858,-0.098,7,0.0,0.459,180.29,96.26,60.11,48.44,39.46,0,-3.13e-07,0.0,0.6946,0.2891,0.002276,0.001136,0.006612,-1.0,0.01633,-3.577,-0.86,2.032,-2.337,4.369
216,0.0152,0.01508,10.0,1.0394989252,2.4808238015,0.805,3.362,3.4822,-0.137,7,0.0,0.459,191.13,103.16,64.21,51.8,42.21,0,-3.47e-07,0.0,0.6946,0.2891,0.002276,0.001136,0.006612,-1.0,0.01633,-3.634,-0.842,2.073,-2.326,4.399
217,0.0152,0.01508,10.0,1.0394990444,2.4808238243,0.801,3.38,3.4792,-0.169,7,0.0,0.459,200.57,109.24,67.82,54.76,44.63,0,-3.78e-07,0.01,0.6946,0.2891,0.002276,0.001136,0.006612,-1.0,0.01633,-3.68,-0.828,2.106,-2.318,4.4239999999999995
218,0.0152,0.01508,10.0,1.039499402,2.4808238928,0.796,3.4,3.4758,-0.206,7,0.524,0.459,211.73,116.53,72.12,58.31,47.52,0,-4.17e-07,0.01,0.6946,0.2891,0.002276,0.001136,0.006612,-1.0,0.01633,-3.73,-0.821,2.136,-2.316,4.452
219,0.0152,0.01508,10.0,1.0394997597,2.4808239613,0.79,3.42,3.4723,-0.243,7,0.522,0.459,223.52,124.34,76.72,62.1,50.62,0,-4.57e-07,0.01,0.6946,0.2891,0.002276,0.001136,0.006612,-1.0,0.01633,-3.78,-0.81,2.169,-2.311,4.48
220,0.0152,0.01508,10.0,1.0395001173,2.4808240297,0.783,3.434,3.4697,-0.271,7,0.522,0.459,232.76,130.57,80.37,65.12,53.08,0,-4.93e-07,0.01,0.6946,0.2891,0.002276,0.001136,0.006612,-1.0,0.01633,-3.814,-0.8,2.196,-2.304,4.5
221,0.0152,0.01508,10.0,1.0395002365,2.4808240526,0.783,3.434,3.4697,-0.271,8,0.522,0.48,232.76,130.57,80.37,65.13,53.09,0,-4.97e-07,0.01,0.6946,0.2904,0.002388,0.001138,0.006627,-1.0,0.01503,-3.814,-0.8,2.196,-2.304,4.5
222,0.0152,0.01508,10.0,1.0395002365,2.4808240526,0.783,3.16,3.5082,0.156,8,0.522,0.48,114.9,60.26,38.41,30.77,25.03,0,-1.67e-07,0.0,0.6946,0.2904,0.002388,0.001138,0.006627,-1.0,0.01503,-3.13,-1.055,1.392,-2.447,3.839
223,0.0152,0.01508,10.0,1.0395002365,2.4808240526,0.783,3.029,3.5278,0.365,8,0.522,0.48,73.79,41.31,26.78,21.33,17.34,1,-9.81e-08,0.0,0.6946,0.2904,0.002388,0.001138,0.006627,-1.0,0.01503,-2.804,-1.313,0.548,-2.588,3.136
224,0.0152,0.01508,10.0,1.0395003557,2.4808240754,0.782,2.869,3.5518,0.621,8,0.522,0.48,42.85,25.99,17.2,13.61,11.05,2,-5e-08,0.0,0.6946,0.2904,0.002388,0.001138,0.006627,-1.0,0.01503,-2.403,-1.405,-0.102,-2.519,2.4170000000000003
225,0.0152,0.01508,10.0,1.0395003557,2.4808240754,0.781,2.896,3.5477,0.578,8,0.522,0.48,46.99,28.11,18.54,14.69,11.93,1,-5.63e-08,0.0,0.6946,0.2904,0.002388,0.001138,0.006627,-1.0,0.01503,-2.469,-1.4,-0.018,-2.541,2.523
226,0.0152,0.01508,10.0,1.0395004749,2.4808240982,0.78,3.024,3.5283,0.371,8,0.522,0.48,72.81,40.83,26.48,21.09,17.14,1,-9.71e-08,0.0,0.6946,0.2904,0.002388,0.001138,0.006627,-1.0,0.01503,-2.79,-1.314,0.531,-2.586,3.117
227,0.0152,0.01508,10.0,1.0395005941,2.4808241211,0.778,3.182,3.5045,0.116,8,0.522,0.48,124.93,64.66,41.08,32.95,26.81,0,-1.86e-07,0.0,0.6946,0.2904,0.002388,0.001138,0.006627,-1.0,0.01503,-3.186,-1.001,1.538,-2.411,3.949
228,0.0152,0.01508,10.0,1.0395007133,2.4808241439,0.776,3.31,3.4851,-0.09,8,0.522,0.48,175.5,93.9,58.65,47.31,38.53,0,-3.12e-07,0.0,0.6946,0.2904,0.002388,0.001138,0.006627,-1.0,0.01503,-3.506,-0.779,2.112,-2.257,4.369
229,0.0152,0.01508,10.0,1.0395008326,2.4808241667,0.774,3.39,3.4729,-0.22,8,0.522,0.48,214.22,118.68,73.35,59.38,48.38,0,-4.3e-07,0.01,0.6946,0.2904,0.002388,0.001138,0.006627,-1.0,0.01503,-3.706,-0.753,2.216,-2.251,4.4670000000000005
230,0.0152,0.01508,10.0,1.039501071,2.4808242124,0.771,3.43,3.4668,-0.285,8,0.523,0.48,236.46,133.32,81.96,66.47,54.18,0,-5.05e-07,0.01,0.6946,0.2904,0.002388,0.001138,0.006627,-1.0,0.01503,-3.804,-0.754,2.254,-2.262,4.516
231,0.0152,0.01508,10.0,1.0395011902,2.4808242352,0.769,3.445,3.4643,-0.312,8,0.523,0.48,241.16,-1.0,-1.0,-1.0,-1.0,0,-5.41e-07,0.01,0.6946,0.2904,0.002388,0.001138,0.006627,-1.0,0.01503,-3.841,-0.756,2.269,-2.268,4.537
232,0.0152,0.01508,10.0,1.0395014286,2.4808242808,0.766,3.45,3.4632,-0.323,8,0.523,0.48,239.45,-1.0,-1.0,-1.0,-1.0,0,-5.6e-07,0.01,0.6946,0.2904,0.002388,0.001138,0.006627,-1.0,0.01503,-3.856,-0.754,2.278,-2.267,4.545
233,0.0152,0.01508,10.0,1.0395014286,2.4808242808,0.766,3.232,3.4961,0.027,8,0.523,0.48,145.83,75.75,47.76,38.42,31.27,0,-2.38e-07,0.0,0.6946,0.2904,0.002388,0.001138,0.006627,-1.0,0.01503,-3.309,-0.865,1.87,-2.311,4.181
234,0.0152,0.01508,10.0,1.0395014286,2.4808242808,0.765,3.049,3.5235,0.319,8,0.523,0.48,81.14,44.68,28.85,23.03,18.72,0,-1.14e-07,0.0,0.6946,0.2904,0.002388,0.001138,0.006627,-1.0,0.01503,-2.852,-1.248,0.734,-2.55,3.284
235,0.0152,0.01508,10.0,1.0395015478,2.4808243037,0.764,2.888,3.5475,0.575,8,0.523,0.48,47.06,28.1,18.53,14.69,11.93,1,-5.82e-08,0.0,0.6946,0.2904,0.002388,0.001138,0.006627,-1.0,0.01503,-2.451,-1.378,0.008,-2.521,2.529
236,0.0152,0.01508,10.0,1.0395015478,2.4808243037,0.763,2.915,3.5435,0.532,8,0.523,0.48,51.58,30.38,19.96,15.84,12.86,1,-6.55e-08,0.0,0.6946,0.2904,0.002388,0.001138,0.006627,-1.0,0.01503,-2.517,-1.368,0.103,-2.538,2.641
237,0.0152,0.01508,10.0,1.039501667,2.4808243265,0.761,3.042,3.5243,0.326,8,0.523,0.48,79.75,44.01,28.43,22.69,18.45,0,-1.12e-07,0.0,0.6946,0.2904,0.002388,0.001138,0.006627,-1.0,0.01503,-2.836,-1.253,0.706,-2.55,3.256
238,0.0152,0.01508,10.0,1.0395017862,2.4808243493,0.76,3.2,3.5006,0.073,8,0.523,0.48,135.34,69.49,43.98,35.35,28.76,0,-2.14e-07,0.0,0.6946,0.2904,0.002388,0.001138,0.006627,-1.0,0.01503,-3.229,-0.922,1.719,-2.351,4.07
239,0.0152,0.01508,10.0,1.0395019054,2.4808243721,0.757,3.327,3.4813,-0.132,8,0.523,0.48,185.58,100.65,62.64,50.62,41.23,0,-3.58e-07,0.0,0.6946,0.2904,0.002388,0.001138,0.006627,-1.0,0.01503,-3.547,-0.741,2.175,-2.226,4.401
240,0.0152,0.01508,10.0,1.0395021439,2.4808244178,0.755,3.406,3.4693,-0.261,8,0.523,0.48,226.16,126.96,78.18,63.41,51.67,0,-4.92e-07,0.01,0.6946,0.2904,0.002388,0.001138,0.006627,-1.0,0.01503,-3.745,-0.729,2.264,-2.234,4.497999999999999
241,0.0152,0.01508,10.0,1.0395022631,2.4808244406,0.752,3.445,3.4633,-0.325,8,0.523,0.48,231.71,-1.0,-1.0,-1.0,-1.0,0,-5.78e-07,0.01,0.6946,0.2904,0.002388,0.001138,0.006627,-1.0,0.01503,-3.841,-0.739,2.295,-2.252,4.547
242,0.0152,0.01508,10.0,1.0395025015,2.4808244863,0.749,3.459,3.461,-0.351,8,0.524,0.48,229.92,-1.0,-1.0,-1.0,-1.0,0,-6.19e-07,0.01,0.6946,0.2904,0.002388,0.001138,0.006627,-1.0,0.01503,-3.878,-0.738,2.313,-2.256,4.569
243,0.0152,0.01508,10.0,1.0395027399,2.4808245319,0.745,3.464,3.46,-0.362,8,0.524,0.48,227.96,-1.0,-1.0,-1.0,-1.0,0,-6.41e-07,0.01,0.6946,0.2904,0.002388,0.001138,0.006627,-1.0,0.01503,-3.891,-0.735,2.324,-2.254,4.577999999999999
244,0.0152,0.01508,10.0,1.0395027399,2.4808245319,0.745,3.249,3.4925,-0.016,8,0.524,0.48,154.33,81.32,51.08,41.17,33.51,0,-2.76e-07,0.0,0.6946,0.2904,0.002388,0.001138,0.006627,-1.0,0.01503,-3.352,-0.799,2.009,-2.259,4.268
245,0.0152,0.01508,10.0,1.0395027399,2.4808245319,0.744,3.067,3.52,0.275,8,0.524,0.48,88.56,47.99,30.87,24.69,20.07,0,-1.33e-07,0.0,0.6946,0.2904,0.002388,0.001138,0.006627,-1.0,0.01503,-2.896,-1.2,0.882,-2.525,3.407
246,0.0152,0.01508,10.0,1.0395028591,2.4808245548,0.743,2.906,3.5442,0.532,8,0.524,0.48,51.26,30.15,19.8,15.73,12.77,1,-6.84e-08,0.0,0.6946,0.2904,0.002388,0.001138,0.006627,-1.0,0.01503,-2.495,-1.359,0.097,-2.524,2.621
247,0.0152,0.01508,10.0,1.0395029783,2.4808245776,0.742,2.932,3.5402,0.489,8,0.524,0.48,56.17,32.58,21.32,16.96,13.77,1,-7.7e-08,0.0,0.6946,0.2904,0.002388,0.001138,0.006627,-1.0,0.01503,-2.561,-1.35,0.192,-2.542,2.734
248,0.0152,0.01508,10.0,1.0395030975,2.4808246004,0.74,3.059,3.5211,0.284,8,0.524,0.48,86.74,47.12,30.32,24.26,19.71,0,-1.31e-07,0.0,0.6946,0.2904,0.002388,0.001138,0.006627,-1.0,0.01503,-2.877,-1.209,0.842,-2.527,3.369
249,0.0152,0.01508,10.0,1.0395032167,2.4808246232,0.737,3.215,3.4974,0.033,8,0.524,0.48,142.55,74.23,46.8,37.69,30.67,0,-2.49e-07,0.0,0.6946,0.2904,0.002388,0.001138,0.006627,-1.0,0.01503,-3.267,-0.862,1.85,-2.303,4.1530000000000005
250,0.0152,0.01508,10.0,1.039503336,2.4808246461,0.735,3.341,3.4783,-0.172,8,0.524,0.48,195.2,107.3,66.54,53.89,43.88,0,-4.15e-07,0.01,0.6946,0.2904,0.002388,0.001138,0.006627,-1.0,0.01503,-3.582,-0.716,2.223,-2.207,4.43
251,0.0152,0.01508,10.0,1.0395035744,2.4808246917,0.731,3.419,3.4663,-0.3,8,0.524,0.48,220.45,-1.0,-1.0,-1.0,-1.0,0,-5.7e-07,0.01,0.6946,0.2904,0.002388,0.001138,0.006627,-1.0,0.01503,-3.779,-0.716,2.301,-2.225,4.526
252,0.0152,0.01508,10.0,1.0395038128,2.4808247374,0.728,3.458,3.4604,-0.364,8,0.525,0.48,218.48,-1.0,-1.0,-1.0,-1.0,0,-6.7e-07,0.01,0.6946,0.2904,0.002388,0.001138,0.006627,-1.0,0.01503,-3.874,-0.721,2.339,-2.24,4.579000000000001
253,0.0152,0.01508,10.0,1.0395040512,2.480824783,0.724,3.472,3.4582,-0.389,8,0.525,0.48,216.3,-1.0,-1.0,-1.0,-1.0,0,-7.2e-07,0.02,0.6946,0.2904,0.002388,0.001138,0.006627,-1.0,0.01503,-3.909,-0.724,2.361,-2.247,4.6080000000000005
254,0.0152,0.01508,10.0,1.0395042896,2.4808248287,0.719,3.477,3.4574,-0.4,8,0.525,0.48,213.91,-1.0,-1.0,-1.0,-1.0,0,-7.48e-07,0.02,0.6946,0.2904,0.002388,0.001138,0.006627,-1.0,0.01503,-3.922,-0.723,2.373,-2.248,4.621
255,0.0152,0.01508,10.0,1.0395042896,2.4808248287,0.719,3.265,3.4897,-0.059,8,0.525,0.48,162.8,87.07,54.48,44.02,35.82,0,-3.28e-07,0.0,0.6946,0.2904,0.002388,0.001138,0.006627,-1.0,0.01503,-3.392,-0.752,2.115,-2.222,4.337
256,0.0152,0.01508,10.0,1.0395042896,2.4808248287,0.718,3.083,3.5173,0.233,8,0.525,0.48,96.42,51.36,32.91,26.38,21.44,0,-1.59e-07,0.0,0.6946,0.2904,0.002388,0.001138,0.006627,-1.0,0.01503,-2.938,-1.154,1.015,-2.495,3.51
257,0.0152,0.01508,10.0,1.0395044088,2.4808248515,0.717,2.922,3.5419,0.49,8,0.525,0.48,55.61,32.21,21.07,16.78,13.62,1,-8.21e-08,0.0,0.6946,0.2904,0.002388,0.001138,0.006627,-1.0,0.01503,-2.536,-1.356,0.152,-2.538,2.69
258,0.0152,0.01508,10.0,1.039504528,2.4808248743,0.715,2.949,3.5379,0.447,8,0.525,0.48,60.94,34.79,22.68,18.09,14.69,1,-9.25e-08,0.0,0.6946,0.2904,0.002388,0.001138,0.006627,-1.0,0.01503,-2.602,-1.34,0.263,-2.549,2.812
259,0.0152,0.01508,10.0,1.0395046473,2.4808248972,0.713,3.074,3.5188,0.244,8,0.525,0.48,94.02,50.23,32.21,25.82,20.98,0,-1.57e-07,0.0,0.6946,0.2904,0.002388,0.001138,0.006627,-1.0,0.01503,-2.916,-1.178,0.947,-2.51,3.457
260,0.0152,0.01508,10.0,1.0395047665,2.48082492,0.71,3.229,3.4951,-0.007,8,0.525,0.48,149.48,78.97,49.61,40.05,32.58,0,-2.96e-07,0.0,0.6946,0.2904,0.002388,0.001138,0.006627,-1.0,0.01503,-3.302,-0.822,1.942,-2.272,4.2139999999999995
261,0.0152,0.01508,10.0,1.0395048857,2.4808249428,0.707,3.354,3.476,-0.211,8,0.526,0.48,204.47,113.94,70.41,57.15,46.53,0,-4.92e-07,0.01,0.6946,0.2904,0.002388,0.001138,0.006627,-1.0,0.01503,-3.615,-0.703,2.258,-2.198,4.4559999999999995
262,0.0152,0.01508,10.0,1.0395051241,2.4808249885,0.703,3.432,3.4641,-0.338,8,0.526,0.48,205.06,-1.0,-1.0,-1.0,-1.0,0,-6.76e-07,0.02,0.6946,0.2904,0.002388,0.001138,0.006627,-1.0,0.01503,-3.809,-0.704,2.337,-2.218,4.555
263,0.0152,0.01508,10.0,1.0395053625,2.4808250341,0.698,3.469,3.4584,-0.401,8,0.526,0.48,202.75,-1.0,-1.0,-1.0,-1.0,0,-7.97e-07,0.02,0.6946,0.2904,0.002388,0.001138,0.006627,-1.0,0.01503,-3.903,-0.71,2.382,-2.234,4.616
264,0.0152,0.01508,10.0,1.0395056009,2.4808250798,0.694,3.483,3.4564,-0.426,8,0.526,0.48,200.19,-1.0,-1.0,-1.0,-1.0,0,-8.59e-07,0.02,0.6946,0.2904,0.002388,0.001138,0.006627,-1.0,0.01503,-3.937,-0.714,2.403,-2.243,4.646
265,0.0152,0.01508,10.0,1.0395058393,2.4808251254,0.688,3.488,3.4558,-0.437,8,0.526,0.48,197.41,-1.0,-1.0,-1.0,-1.0,0,-8.97e-07,0.02,0.6946,0.2904,0.002388,0.001138,0.006627,-1.0,0.01503,-3.949,-0.714,2.413,-2.244,4.657
266,0.0152,0.01508,10.0,1.0395058393,2.4808251254,0.688,3.28,3.488,-0.1,8,0.526,0.48,170.81,92.73,57.8,46.82,38.1,0,-4.02e-07,0.01,0.6946,0.2904,0.002388,0.001138,0.006627,-1.0,0.01503,-3.43,-0.746,2.144,-2.221,4.365
267,0.0152,0.01508,10.0,1.0395058393,2.4808251254,0.687,3.099,3.516,0.192,8,0.526,0.48,104.39,54.62,34.86,28.02,22.77,0,-1.96e-07,0.0,0.6946,0.2904,0.002388,0.001138,0.006627,-1.0,0.01503,-2.977,-1.149,1.07,-2.498,3.5680000000000005
268,0.0152,0.01508,10.0,1.0395059586,2.4808251483,0.685,2.938,3.5411,0.452,8,0.526,0.48,59.89,34.14,22.25,17.77,14.42,1,-1.02e-07,0.0,0.6946,0.2904,0.002388,0.001138,0.006627,-1.0,0.01503,-2.576,-1.38,0.15,-2.568,2.718
269,0.0152,0.01508,10.0,1.0395060778,2.4808251711,0.683,2.964,3.5372,0.409,8,0.527,0.48,65.61,36.86,23.95,19.14,15.54,0,-1.15e-07,0.0,0.6946,0.2904,0.002388,0.001138,0.006627,-1.0,0.01503,-2.641,-1.364,0.261,-2.578,2.839
270,0.0152,0.01508,10.0,1.039506197,2.4808251939,0.68,3.089,3.5181,0.206,8,0.527,0.48,101.2,53.14,33.95,27.29,22.17,0,-1.94e-07,0.0,0.6946,0.2904,0.002388,0.001138,0.006627,-1.0,0.01503,-2.952,-1.19,0.965,-2.527,3.492
271,0.0152,0.01508,10.0,1.0395063162,2.4808252167,0.677,3.242,3.4945,-0.044,8,0.527,0.48,155.58,83.37,52.19,42.24,34.36,0,-3.65e-07,0.01,0.6946,0.2904,0.002388,0.001138,0.006627,-1.0,0.01503,-3.335,-0.825,1.965,-2.28,4.245
272,0.0152,0.01508,10.0,1.0395065546,2.4808252624,0.672,3.366,3.4754,-0.247,8,0.527,0.48,189.35,-1.0,-1.0,-1.0,-1.0,0,-6.06e-07,0.01,0.6946,0.2904,0.002388,0.001138,0.006627,-1.0,0.01503,-3.645,-0.708,2.271,-2.207,4.478
273,0.0152,0.01508,10.0,1.0395066738,2.4808252852,0.668,3.443,3.4638,-0.373,8,0.527,0.48,186.93,-1.0,-1.0,-1.0,-1.0,0,-8.35e-07,0.02,0.6946,0.2904,0.002388,0.001138,0.006627,-1.0,0.01503,-3.838,-0.707,2.354,-2.225,4.579000000000001
274,0.0152,0.01508,10.0,1.0395069122,2.4808253309,0.662,3.48,3.4584,-0.436,8,0.527,0.48,184.23,-1.0,-1.0,-1.0,-1.0,0,-9.89e-07,0.03,0.6946,0.2904,0.002388,0.001138,0.006627,-1.0,0.01503,-3.931,-0.709,2.405,-2.238,4.643
275,0.0152,0.01508,10.0,1.0395072699,2.4808253993,0.656,3.494,3.4568,-0.46,8,0.528,0.48,181.25,-1.0,-1.0,-1.0,-1.0,0,-1.08e-06,0.04,0.6946,0.2904,0.002388,0.001138,0.006627,-1.0,0.01503,-3.965,-0.715,2.422,-2.248,4.67
276,0.0152,0.01508,10.0,1.0395075083,2.480825445,0.65,3.499,3.4569,-0.468,8,0.528,0.48,178.0,-1.0,-1.0,-1.0,-1.0,0,-1.13e-06,0.04,0.6946,0.2904,0.002388,0.001138,0.006627,-1.0,0.01503,-3.977,-0.72,2.423,-2.253,4.676
277,0.0152,0.01508,10.0,1.0395104885,2.4808260156,0.53,-9.999,4.0,1.855,9,0.53,0.0,0.0,0.0,0.0,0.0,0.0,-1,-9.999999999999999e-31,0.0,0.6946,0.2904,0.002388,0.001138,0.006627,-1.0,0.01503,29.767,29.98,29.97,29.986,-0.01600000000000179
